{"cameraMode":{"drawMode":0,"name":"Shaded","section":"Shading Mode"},"sceneLighting":true,"audioPlay":false,"sceneViewState":{"m_AlwaysRefresh":false,"showFog":true,"showSkybox":true,"showFlares":true,"showImageEffects":true,"showParticleSystems":true,"showVisualEffectGraphs":true,"m_FxEnabled":true},"in2DMode":false,"pivot":{"x":-1.633958339691162,"y":2.948153018951416,"z":25.535423278808595},"rotation":{"x":0.03147417679429054,"y":-0.03597486764192581,"z":0.0011326269013807178,"w":0.998863935470581},"size":22.925161361694337,"orthographic":false}